<?xml version="1.0" encoding="UTF-8"?>
<project-private xmlns="http://www.netbeans.org/ns/project-private/1">
    <editor-bookmarks xmlns="http://www.netbeans.org/ns/editor-bookmarks/2" lastBookmarkId="0"/>
    <open-files xmlns="http://www.netbeans.org/ns/projectui-open-files/2">
        <group>
            <file>file:/C:/Users/MSI%20KATANA/Desktop/radial/RadialSuper/web/inventory.jsp</file>
            <file>file:/C:/Users/MSI%20KATANA/Desktop/radial/RadialSuper/web/payment.jsp</file>
            <file>file:/C:/Users/MSI%20KATANA/Desktop/radial/RadialSuper/src/java/RadialSuper/PurchaseServlet.java</file>
            <file>file:/C:/Users/MSI%20KATANA/Desktop/radial/RadialSuper/web/printReceipt.jsp</file>
            <file>file:/C:/Users/MSI%20KATANA/Desktop/radial/RadialSuper/src/java/RadialSuper/SearchProduct.java</file>
            <file>file:/C:/Users/MSI%20KATANA/Desktop/radial/RadialSuper/src/java/RadialSuper/CheckoutServlet.java</file>
            <file>file:/C:/Users/MSI%20KATANA/Desktop/radial/RadialSuper/web/user.jsp</file>
            <file>file:/C:/Users/MSI%20KATANA/Desktop/radial/RadialSuper/src/java/RadialSuper/GetTransactionDetails.java</file>
            <file>file:/C:/Users/MSI%20KATANA/Desktop/radial/RadialSuper/src/java/RadialSuper/PrintReceipt.java</file>
            <file>file:/C:/Users/MSI%20KATANA/Desktop/radial/RadialSuper/src/java/RadialSuper/ManualEntryServlet.java</file>
            <file>file:/C:/Users/MSI%20KATANA/Desktop/radial/RadialSuper/web/error.jsp</file>
            <file>file:/C:/Users/MSI%20KATANA/Desktop/radial/RadialSuper/web/dashboard.jsp</file>
            <file>file:/C:/Users/MSI%20KATANA/Desktop/radial/RadialSuper/src/java/RadialSuper/AddProduct.java</file>
            <file>file:/C:/Users/MSI%20KATANA/Desktop/radial/RadialSuper/web/getInvoiceData.jsp</file>
            <file>file:/C:/Users/MSI%20KATANA/Desktop/radial/RadialSuper/web/index.html</file>
            <file>file:/C:/Users/MSI%20KATANA/Desktop/radial/RadialSuper/web/inventory_update.jsp</file>
            <file>file:/C:/Users/MSI%20KATANA/Desktop/radial/RadialSuper/src/java/RadialSuper/deleteuser.java</file>
            <file>file:/C:/Users/MSI%20KATANA/Desktop/radial/RadialSuper/web/inventory_add.jsp</file>
            <file>file:/C:/Users/MSI%20KATANA/Desktop/radial/RadialSuper/src/java/RadialSuper/UpdateCart.java</file>
            <file>file:/C:/Users/MSI%20KATANA/Desktop/radial/RadialSuper/src/java/RadialSuper/Logout.java</file>
            <file>file:/C:/Users/MSI%20KATANA/Desktop/radial/RadialSuper/src/java/RadialSuper/SearchBarcode.java</file>
            <file>file:/C:/Users/MSI%20KATANA/Desktop/radial/RadialSuper/src/java/RadialSuper/UpdateProduct.java</file>
            <file>file:/C:/Users/MSI%20KATANA/Desktop/radial/RadialSuper/src/java/dao/ProductDAO.java</file>
            <file>file:/C:/Users/MSI%20KATANA/Desktop/radial/RadialSuper/src/java/RadialSuper/login.java</file>
            <file>file:/C:/Users/MSI%20KATANA/Desktop/radial/RadialSuper/src/java/RadialSuper/users.java</file>
            <file>file:/C:/Users/MSI%20KATANA/Desktop/radial/RadialSuper/web/sales.jsp</file>
        </group>
    </open-files>
</project-private>
